<?xml version="1.0" encoding="UTF-8"?>
<library xmlns="http://www.netbeans.org/ns/library-declaration/3" version="3.0">
    <name>EclipseLink-GlassFish-v5</name>
    <type>j2se</type>
    <description>EclipseLink jars that are bundled with the most recently registered Payara installation</description>
    <display-name>EclipseLink from Payara 5</display-name>
    <volume>
        <type>classpath</type>
        <resource>jar:file:/C:/AkiRoot/Software/Server/payara-5.2022.3-java11/payara5/glassfish/modules/org.eclipse.persistence.antlr.jar!/</resource>
        <resource>jar:file:/C:/AkiRoot/Software/Server/payara-5.2022.3-java11/payara5/glassfish/modules/org.eclipse.persistence.asm.jar!/</resource>
        <resource>jar:file:/C:/AkiRoot/Software/Server/payara-5.2022.3-java11/payara5/glassfish/modules/org.eclipse.persistence.core.jar!/</resource>
        <resource>jar:file:/C:/AkiRoot/Software/Server/payara-5.2022.3-java11/payara5/glassfish/modules/org.eclipse.persistence.dbws.jar!/</resource>
        <resource>jar:file:/C:/AkiRoot/Software/Server/payara-5.2022.3-java11/payara5/glassfish/modules/org.eclipse.persistence.jpa.jar!/</resource>
        <resource>jar:file:/C:/AkiRoot/Software/Server/payara-5.2022.3-java11/payara5/glassfish/modules/org.eclipse.persistence.jpa.jpql.jar!/</resource>
        <resource>jar:file:/C:/AkiRoot/Software/Server/payara-5.2022.3-java11/payara5/glassfish/modules/org.eclipse.persistence.jpa.modelgen.processor.jar!/</resource>
        <resource>jar:file:/C:/AkiRoot/Software/Server/payara-5.2022.3-java11/payara5/glassfish/modules/org.eclipse.persistence.moxy.jar!/</resource>
        <resource>jar:file:/C:/AkiRoot/Software/Server/payara-5.2022.3-java11/payara5/glassfish/modules/org.eclipse.persistence.oracle.jar!/</resource>
    </volume>
    <volume>
        <type>src</type>
    </volume>
    <volume>
        <type>javadoc</type>
        <resource>jar:file:/C:/AkiRoot/Software/NetBeans-23/netbeans/enterprise/docs/javaee-doc-api.jar!/</resource>
    </volume>
    <volume>
        <type>maven-pom</type>
    </volume>
    <properties/>
</library>
