<?xml version="1.0" encoding="UTF-8"?>
<!DOCTYPE platform PUBLIC "-//NetBeans//DTD Java PlatformDefinition 1.0//EN" "http://www.netbeans.org/dtds/java-platformdefinition-1_0.dtd">
<platform default="no" name="OpenJDK 1.8">
    <jdkhome>
        <resource>file:/C:/AkiRoot/Software/Java/openlogic-openjdk-8u352-b08-windows-x64/</resource>
    </jdkhome>
    <properties>
        <property name="platform.ant.name" value="OpenJDK_1.8"/>
    </properties>
    <sysproperties>
        <property name="awt.toolkit" value="sun.awt.windows.WToolkit"/>
        <property name="file.encoding" value="UTF-8"/>
        <property name="file.encoding.pkg" value="sun.io"/>
        <property name="file.separator" value="\"/>
        <property name="java.awt.graphicsenv" value="sun.awt.Win32GraphicsEnvironment"/>
        <property name="java.awt.printerjob" value="sun.awt.windows.WPrinterJob"/>
        <property name="java.class.path" value=""/>
        <property name="java.class.version" value="52.0"/>
        <property name="java.endorsed.dirs" value="C:\AkiRoot\Software\Java\openlogic-openjdk-8u352-b08-windows-x64\jre\lib\endorsed"/>
        <property name="java.ext.dirs" value="C:\AkiRoot\Software\Java\openlogic-openjdk-8u352-b08-windows-x64\jre\lib\ext;C:\WINDOWS\Sun\Java\lib\ext"/>
        <property name="java.home" value="C:\AkiRoot\Software\Java\openlogic-openjdk-8u352-b08-windows-x64\jre"/>
        <property name="java.io.tmpdir" value="C:\Users\tomokai\AppData\Local\Temp\"/>
        <property name="java.library.path" value="C:\AkiRoot\Software\Java\openlogic-openjdk-8u352-b08-windows-x64\bin;C:\WINDOWS\Sun\Java\bin;C:\WINDOWS\system32;C:\WINDOWS;C:\WINDOWS\system32;C:\WINDOWS;C:\WINDOWS\System32\Wbem;C:\WINDOWS\System32\WindowsPowerShell\v1.0\;C:\WINDOWS\System32\OpenSSH\;C:\Program Files\PuTTY\;C:\Program Files\SlikSvn\bin;C:\Program Files\TortoiseSVN\bin;C:\AkiRoot\Software\npp.8.4.8.portable.x64;C:\AkiRoot\Software\PortableGit\bin;C:\ProgramData\chocolatey\bin;C:\Program Files\nodejs\;C:\Program Files\dotnet\;C:\Program Files\TortoiseGit\bin;C:\Users\tomokai\AppData\Local\pnpm;C:\Users\tomokai\.cargo\bin;C:\AkiRoot\Software\Python\Scripts\;C:\AkiRoot\Software\Python\;C:\Users\tomokai\AppData\Local\Microsoft\WindowsApps;C:\AkiRoot\Software\Microsoft VS Code\bin;C:\Users\tomokai\AppData\Local\GitHubDesktop\bin;C:\AkiRoot\Software\Java\openlogic-openjdk-11.0.17+8-windows-x64\bin\;C:\Program Files\SlikSvn\bin;C:\AkiRoot\Software\S-Bat;C:\Users\tomokai\AppData\Roaming\npm;C:\Program Files (x86)\Brackets\;C:\Program Files (x86)\Nmap;C:\Users\tomokai\.dotnet\tools;."/>
        <property name="java.runtime.name" value="OpenJDK Runtime Environment"/>
        <property name="java.runtime.version" value="1.8.0_352-352-b08"/>
        <property name="java.specification.maintenance.version" value="4"/>
        <property name="java.specification.name" value="Java Platform API Specification"/>
        <property name="java.specification.vendor" value="Oracle Corporation"/>
        <property name="java.specification.version" value="1.8"/>
        <property name="java.vendor" value="OpenLogic-OpenJDK"/>
        <property name="java.vendor.url" value="http://java.oracle.com/"/>
        <property name="java.vendor.url.bug" value="http://bugreport.sun.com/bugreport/"/>
        <property name="java.version" value="1.8.0_352-352"/>
        <property name="java.vm.info" value="mixed mode"/>
        <property name="java.vm.name" value="OpenJDK 64-Bit Server VM"/>
        <property name="java.vm.specification.name" value="Java Virtual Machine Specification"/>
        <property name="java.vm.specification.vendor" value="Oracle Corporation"/>
        <property name="java.vm.specification.version" value="1.8"/>
        <property name="java.vm.vendor" value="Oracle Corporation"/>
        <property name="java.vm.version" value="25.352-b08"/>
        <property name="line.separator" value="&#13;&#10;"/>
        <property name="os.arch" value="amd64"/>
        <property name="os.name" value="Windows 10"/>
        <property name="os.version" value="10.0"/>
        <property name="path.separator" value=";"/>
        <property name="sun.arch.data.model" value="64"/>
        <property name="sun.boot.class.path" value="C:\AkiRoot\Software\Java\openlogic-openjdk-8u352-b08-windows-x64\jre\lib\resources.jar;C:\AkiRoot\Software\Java\openlogic-openjdk-8u352-b08-windows-x64\jre\lib\rt.jar;C:\AkiRoot\Software\Java\openlogic-openjdk-8u352-b08-windows-x64\jre\lib\sunrsasign.jar;C:\AkiRoot\Software\Java\openlogic-openjdk-8u352-b08-windows-x64\jre\lib\jsse.jar;C:\AkiRoot\Software\Java\openlogic-openjdk-8u352-b08-windows-x64\jre\lib\jce.jar;C:\AkiRoot\Software\Java\openlogic-openjdk-8u352-b08-windows-x64\jre\lib\charsets.jar;C:\AkiRoot\Software\Java\openlogic-openjdk-8u352-b08-windows-x64\jre\lib\jfr.jar;C:\AkiRoot\Software\Java\openlogic-openjdk-8u352-b08-windows-x64\jre\classes"/>
        <property name="sun.boot.library.path" value="C:\AkiRoot\Software\Java\openlogic-openjdk-8u352-b08-windows-x64\jre\bin"/>
        <property name="sun.cpu.endian" value="little"/>
        <property name="sun.cpu.isalist" value="amd64"/>
        <property name="sun.desktop" value="windows"/>
        <property name="sun.io.unicode.encoding" value="UnicodeLittle"/>
        <property name="sun.java.command" value="J2SEPlatformProbe C:\Users\tomokai\AppData\Local\Temp\nb-platformdetect5341277422755013369properties"/>
        <property name="sun.java.launcher" value="SUN_STANDARD"/>
        <property name="sun.jnu.encoding" value="MS950"/>
        <property name="sun.management.compiler" value="HotSpot 64-Bit Tiered Compilers"/>
        <property name="sun.os.patch.level" value=""/>
        <property name="sun.stderr.encoding" value="ms950"/>
        <property name="sun.stdout.encoding" value="ms950"/>
        <property name="user.country" value="TW"/>
        <property name="user.dir" value=""/>
        <property name="user.home" value="C:\Users\tomokai"/>
        <property name="user.language" value="zh"/>
        <property name="user.name" value="tomoaki"/>
        <property name="user.script" value=""/>
        <property name="user.timezone" value="Asia/Taipei"/>
        <property name="user.variant" value=""/>
    </sysproperties>
</platform>
